<?xml version="1.0" encoding="UTF-8"?>
<export version="E">
  <design>
    <source>/home/chromiumos/Work/Schematics/6502 based custom PC/6502 based custom PC.kicad_sch</source>
    <date>Wed 12 Apr 2023 01:56:12</date>
    <tool>Eeschema 7.0.1</tool>
    <sheet number="1" name="/" tstamps="/">
      <title_block>
        <title/>
        <company/>
        <rev/>
        <date/>
        <source>6502 based custom PC.kicad_sch</source>
        <comment number="1" value=""/>
        <comment number="2" value=""/>
        <comment number="3" value=""/>
        <comment number="4" value=""/>
        <comment number="5" value=""/>
        <comment number="6" value=""/>
        <comment number="7" value=""/>
        <comment number="8" value=""/>
        <comment number="9" value=""/>
      </title_block>
    </sheet>
  </design>
  <components>
    <comp ref="C1">
      <value>1uF</value>
      <libsource lib="Device" part="C_Small" description="Unpolarized capacitor, small symbol"/>
      <property name="Sheetname" value=""/>
      <property name="Sheetfile" value="6502 based custom PC.kicad_sch"/>
      <property name="ki_description" value="Unpolarized capacitor, small symbol"/>
      <property name="ki_keywords" value="capacitor cap"/>
      <sheetpath names="/" tstamps="/"/>
      <tstamps>43bc7bfc-6829-444f-be50-b26adb179224</tstamps>
    </comp>
    <comp ref="C2">
      <value>1uF</value>
      <libsource lib="Device" part="C_Small" description="Unpolarized capacitor, small symbol"/>
      <property name="Sheetname" value=""/>
      <property name="Sheetfile" value="6502 based custom PC.kicad_sch"/>
      <property name="ki_description" value="Unpolarized capacitor, small symbol"/>
      <property name="ki_keywords" value="capacitor cap"/>
      <sheetpath names="/" tstamps="/"/>
      <tstamps>8e6fedee-ad36-4d2a-b8db-3e3be15bca51</tstamps>
    </comp>
    <comp ref="C3">
      <value>1uF</value>
      <libsource lib="Device" part="C_Small" description="Unpolarized capacitor, small symbol"/>
      <property name="Sheetname" value=""/>
      <property name="Sheetfile" value="6502 based custom PC.kicad_sch"/>
      <property name="ki_description" value="Unpolarized capacitor, small symbol"/>
      <property name="ki_keywords" value="capacitor cap"/>
      <sheetpath names="/" tstamps="/"/>
      <tstamps>591b962f-a91d-4580-94d3-eb9407061960</tstamps>
    </comp>
    <comp ref="C4">
      <value>1uF</value>
      <libsource lib="Device" part="C_Small" description="Unpolarized capacitor, small symbol"/>
      <property name="Sheetname" value=""/>
      <property name="Sheetfile" value="6502 based custom PC.kicad_sch"/>
      <property name="ki_description" value="Unpolarized capacitor, small symbol"/>
      <property name="ki_keywords" value="capacitor cap"/>
      <sheetpath names="/" tstamps="/"/>
      <tstamps>d13c404a-dad4-40ba-92bf-6cf7139f9d64</tstamps>
    </comp>
    <comp ref="C5">
      <value>30pF</value>
      <libsource lib="Device" part="C_Small" description="Unpolarized capacitor, small symbol"/>
      <property name="Sheetname" value=""/>
      <property name="Sheetfile" value="6502 based custom PC.kicad_sch"/>
      <property name="ki_description" value="Unpolarized capacitor, small symbol"/>
      <property name="ki_keywords" value="capacitor cap"/>
      <sheetpath names="/" tstamps="/"/>
      <tstamps>65270001-cf5e-4c86-a2f5-b8114b4d0a60</tstamps>
    </comp>
    <comp ref="C6">
      <value>0.1uF</value>
      <libsource lib="Device" part="C_Small" description="Unpolarized capacitor, small symbol"/>
      <property name="Sheetname" value=""/>
      <property name="Sheetfile" value="6502 based custom PC.kicad_sch"/>
      <property name="ki_description" value="Unpolarized capacitor, small symbol"/>
      <property name="ki_keywords" value="capacitor cap"/>
      <sheetpath names="/" tstamps="/"/>
      <tstamps>493a8101-131c-480b-8ba5-cd27e87e7f9d</tstamps>
    </comp>
    <comp ref="D1">
      <value>1N914</value>
      <footprint>Diode_THT:D_DO-35_SOD27_P7.62mm_Horizontal</footprint>
      <datasheet>http://www.vishay.com/docs/85622/1n914.pdf</datasheet>
      <fields>
        <field name="Sim.Device">D</field>
        <field name="Sim.Pins">1=K 2=A</field>
      </fields>
      <libsource lib="Diode" part="1N914" description="100V 0.3A Small Signal Fast Switching Diode, DO-35"/>
      <property name="Sim.Device" value="D"/>
      <property name="Sim.Pins" value="1=K 2=A"/>
      <property name="Sheetname" value=""/>
      <property name="Sheetfile" value="6502 based custom PC.kicad_sch"/>
      <property name="ki_description" value="100V 0.3A Small Signal Fast Switching Diode, DO-35"/>
      <property name="ki_keywords" value="diode"/>
      <sheetpath names="/" tstamps="/"/>
      <tstamps>42255bac-e400-4b00-bc11-49c591c5e2ba</tstamps>
    </comp>
    <comp ref="D2">
      <value>1N914</value>
      <footprint>Diode_THT:D_DO-35_SOD27_P7.62mm_Horizontal</footprint>
      <datasheet>http://www.vishay.com/docs/85622/1n914.pdf</datasheet>
      <fields>
        <field name="Sim.Device">D</field>
        <field name="Sim.Pins">1=K 2=A</field>
      </fields>
      <libsource lib="Diode" part="1N914" description="100V 0.3A Small Signal Fast Switching Diode, DO-35"/>
      <property name="Sim.Device" value="D"/>
      <property name="Sim.Pins" value="1=K 2=A"/>
      <property name="Sheetname" value=""/>
      <property name="Sheetfile" value="6502 based custom PC.kicad_sch"/>
      <property name="ki_description" value="100V 0.3A Small Signal Fast Switching Diode, DO-35"/>
      <property name="ki_keywords" value="diode"/>
      <sheetpath names="/" tstamps="/"/>
      <tstamps>e41f4df4-75fe-4e47-b013-5de15dfae568</tstamps>
    </comp>
    <comp ref="IC1">
      <value>W65C02S6TPG-14</value>
      <footprint>DIP1524W56P254L5207H508Q40N</footprint>
      <datasheet>https://componentsearchengine.com/Datasheets/1/W65C02S6TPG-14.pdf</datasheet>
      <fields>
        <field name="Height">5.08</field>
        <field name="Manufacturer_Name">Western Design Center (WDC)</field>
        <field name="Manufacturer_Part_Number">W65C02S6TPG-14</field>
        <field name="Mouser Part Number">955-W65C02S6TPG-14</field>
        <field name="Mouser Price/Stock">https://www.mouser.co.uk/ProductDetail/Western-Design-Center-WDC/W65C02S6TPG-14?qs=opBjA1TV903lvWo9AEKH5w%3D%3D</field>
      </fields>
      <libsource lib="W65C02S6TPG-14" part="W65C02S6TPG-14" description="Microprocessors - MPU 8-bit Microprocessor"/>
      <property name="Height" value="5.08"/>
      <property name="Mouser Part Number" value="955-W65C02S6TPG-14"/>
      <property name="Mouser Price/Stock" value="https://www.mouser.co.uk/ProductDetail/Western-Design-Center-WDC/W65C02S6TPG-14?qs=opBjA1TV903lvWo9AEKH5w%3D%3D"/>
      <property name="Manufacturer_Name" value="Western Design Center (WDC)"/>
      <property name="Manufacturer_Part_Number" value="W65C02S6TPG-14"/>
      <property name="Sheetname" value=""/>
      <property name="Sheetfile" value="6502 based custom PC.kicad_sch"/>
      <property name="ki_description" value="Microprocessors - MPU 8-bit Microprocessor"/>
      <sheetpath names="/" tstamps="/"/>
      <tstamps>7d482a19-f8b0-443a-8051-156c03d072ab</tstamps>
    </comp>
    <comp ref="IC2">
      <value>AT28C256-15SU</value>
      <footprint>SOIC127P1032X265-28N</footprint>
      <datasheet>https://componentsearchengine.com/Datasheets/2/AT28C256-15SU.pdf</datasheet>
      <fields>
        <field name="Height">2.65</field>
        <field name="Manufacturer_Name">Microchip</field>
        <field name="Manufacturer_Part_Number">AT28C256-15SU</field>
        <field name="Mouser Part Number">556-AT28C25615SU</field>
        <field name="Mouser Price/Stock">https://www.mouser.co.uk/ProductDetail/Microchip-Technology/AT28C256-15SU?qs=MAR%2F2X5XOp7W6WUPOcncFQ%3D%3D</field>
      </fields>
      <libsource lib="AT28C256-15SU" part="AT28C256-15SU" description="EEPROM Parallel 256K-bit 32K x 8 5V 28-Pin SOIC Tube"/>
      <property name="Height" value="2.65"/>
      <property name="Mouser Part Number" value="556-AT28C25615SU"/>
      <property name="Mouser Price/Stock" value="https://www.mouser.co.uk/ProductDetail/Microchip-Technology/AT28C256-15SU?qs=MAR%2F2X5XOp7W6WUPOcncFQ%3D%3D"/>
      <property name="Manufacturer_Name" value="Microchip"/>
      <property name="Manufacturer_Part_Number" value="AT28C256-15SU"/>
      <property name="Sheetname" value=""/>
      <property name="Sheetfile" value="6502 based custom PC.kicad_sch"/>
      <property name="ki_description" value="EEPROM Parallel 256K-bit 32K x 8 5V 28-Pin SOIC Tube"/>
      <sheetpath names="/" tstamps="/"/>
      <tstamps>d9538b51-8f46-4801-bfe0-dd2f3b69edf7</tstamps>
    </comp>
    <comp ref="IC3">
      <value>W65C22S6TPG-14</value>
      <footprint>DIP1524W38P254L5207H407Q40N</footprint>
      <datasheet>https://componentsearchengine.com/Datasheets/1/W65C22S6TPG-14.pdf</datasheet>
      <fields>
        <field name="Height">4.07</field>
        <field name="Manufacturer_Name">Western Design Center (WDC)</field>
        <field name="Manufacturer_Part_Number">W65C22S6TPG-14</field>
        <field name="Mouser Part Number">955-W65C22S6TPG-14</field>
        <field name="Mouser Price/Stock">https://www.mouser.co.uk/ProductDetail/Western-Design-Center-WDC/W65C22S6TPG-14?qs=opBjA1TV9038jNZ%252Bop8JdA%3D%3D</field>
      </fields>
      <libsource lib="W65C22S6TPG-14" part="W65C22S6TPG-14" description="I/O Controller Interface IC Versatile Interface Adapter"/>
      <property name="Height" value="4.07"/>
      <property name="Mouser Part Number" value="955-W65C22S6TPG-14"/>
      <property name="Mouser Price/Stock" value="https://www.mouser.co.uk/ProductDetail/Western-Design-Center-WDC/W65C22S6TPG-14?qs=opBjA1TV9038jNZ%252Bop8JdA%3D%3D"/>
      <property name="Manufacturer_Name" value="Western Design Center (WDC)"/>
      <property name="Manufacturer_Part_Number" value="W65C22S6TPG-14"/>
      <property name="Sheetname" value=""/>
      <property name="Sheetfile" value="6502 based custom PC.kicad_sch"/>
      <property name="ki_description" value="I/O Controller Interface IC Versatile Interface Adapter"/>
      <sheetpath names="/" tstamps="/"/>
      <tstamps>c17cb2fc-a7e6-4c66-8ce4-05b7bb3f979c</tstamps>
    </comp>
    <comp ref="IC4">
      <value>AS6C62256-55PCN</value>
      <footprint>DIP1587W140P254L3632H381Q28N</footprint>
      <datasheet>https://componentsearchengine.com/Datasheets/1/AS6C62256-55PCN.pdf</datasheet>
      <fields>
        <field name="Height">3.81</field>
        <field name="Manufacturer_Name">Alliance Memory</field>
        <field name="Manufacturer_Part_Number">AS6C62256-55PCN</field>
        <field name="Mouser Part Number">913-AS6C62256-55PCN</field>
        <field name="Mouser Price/Stock">https://www.mouser.co.uk/ProductDetail/Alliance-Memory/AS6C62256-55PCN?qs=LD2UibpCYJqgbIupMJnGTQ%3D%3D</field>
      </fields>
      <libsource lib="AS6C62256-55PCN" part="AS6C62256-55PCN" description="Alliance Memory AS6C62256-55PCN SRAM Memory, 256kbit, 2.7  5.5 V, 55ns 28-Pin PDIP"/>
      <property name="Height" value="3.81"/>
      <property name="Mouser Part Number" value="913-AS6C62256-55PCN"/>
      <property name="Mouser Price/Stock" value="https://www.mouser.co.uk/ProductDetail/Alliance-Memory/AS6C62256-55PCN?qs=LD2UibpCYJqgbIupMJnGTQ%3D%3D"/>
      <property name="Manufacturer_Name" value="Alliance Memory"/>
      <property name="Manufacturer_Part_Number" value="AS6C62256-55PCN"/>
      <property name="Sheetname" value=""/>
      <property name="Sheetfile" value="6502 based custom PC.kicad_sch"/>
      <property name="ki_description" value="Alliance Memory AS6C62256-55PCN SRAM Memory, 256kbit, 2.7  5.5 V, 55ns 28-Pin PDIP"/>
      <sheetpath names="/" tstamps="/"/>
      <tstamps>cbe868f1-4a97-4250-be4f-e0cffe26cf1c</tstamps>
    </comp>
    <comp ref="IC5">
      <value>MAX232ECN</value>
      <footprint>DIP794W53P254L1930H508Q16N</footprint>
      <datasheet>http://www.ti.com/lit/gpn/max232e</datasheet>
      <fields>
        <field name="Height">5.08</field>
        <field name="Manufacturer_Name">Texas Instruments</field>
        <field name="Manufacturer_Part_Number">MAX232ECN</field>
        <field name="Mouser Part Number">595-MAX232ECN</field>
        <field name="Mouser Price/Stock">https://www.mouser.com/Search/Refine.aspx?Keyword=595-MAX232ECN</field>
      </fields>
      <libsource lib="MAX232ECN" part="MAX232ECN" description="Dual RS-232 Driver/Receiver with IEC61000-4-2  Protection"/>
      <property name="Height" value="5.08"/>
      <property name="Mouser Part Number" value="595-MAX232ECN"/>
      <property name="Mouser Price/Stock" value="https://www.mouser.com/Search/Refine.aspx?Keyword=595-MAX232ECN"/>
      <property name="Manufacturer_Name" value="Texas Instruments"/>
      <property name="Manufacturer_Part_Number" value="MAX232ECN"/>
      <property name="Sheetname" value=""/>
      <property name="Sheetfile" value="6502 based custom PC.kicad_sch"/>
      <property name="ki_description" value="Dual RS-232 Driver/Receiver with IEC61000-4-2  Protection"/>
      <sheetpath names="/" tstamps="/"/>
      <tstamps>720c2e8f-8f25-4ea5-9736-5cdab3829e63</tstamps>
    </comp>
    <comp ref="IC6">
      <value>W65C51N6TPG-14</value>
      <footprint>DIP1524W58P254L3696H558Q28N</footprint>
      <datasheet>https://componentsearchengine.com/Datasheets/1/W65C51N6TPG-14.pdf</datasheet>
      <fields>
        <field name="Height">5.584</field>
        <field name="Manufacturer_Name">Western Design Center (WDC)</field>
        <field name="Manufacturer_Part_Number">W65C51N6TPG-14</field>
        <field name="Mouser Part Number">955-W65C51N6TPG-14</field>
        <field name="Mouser Price/Stock">https://www.mouser.co.uk/ProductDetail/Western-Design-Center-WDC/W65C51N6TPG-14?qs=AgbsAOSw7WDdUCKSkUixbw%3D%3D</field>
      </fields>
      <libsource lib="W65C51N6TPG-14" part="W65C51N6TPG-14" description="Interface - Specialized Asynch Communication Interface Adapter"/>
      <property name="Height" value="5.584"/>
      <property name="Mouser Part Number" value="955-W65C51N6TPG-14"/>
      <property name="Mouser Price/Stock" value="https://www.mouser.co.uk/ProductDetail/Western-Design-Center-WDC/W65C51N6TPG-14?qs=AgbsAOSw7WDdUCKSkUixbw%3D%3D"/>
      <property name="Manufacturer_Name" value="Western Design Center (WDC)"/>
      <property name="Manufacturer_Part_Number" value="W65C51N6TPG-14"/>
      <property name="Sheetname" value=""/>
      <property name="Sheetfile" value="6502 based custom PC.kicad_sch"/>
      <property name="ki_description" value="Interface - Specialized Asynch Communication Interface Adapter"/>
      <sheetpath names="/" tstamps="/"/>
      <tstamps>e11d750b-00eb-4fc9-bce8-48975de19837</tstamps>
    </comp>
    <comp ref="J1">
      <value>DE9_Plug</value>
      <datasheet> ~</datasheet>
      <libsource lib="Connector" part="DE9_Plug" description="9-pin male plug pin D-SUB connector"/>
      <property name="Sheetname" value=""/>
      <property name="Sheetfile" value="6502 based custom PC.kicad_sch"/>
      <property name="ki_description" value="9-pin male plug pin D-SUB connector"/>
      <property name="ki_keywords" value="connector male plug D-SUB DB9"/>
      <sheetpath names="/" tstamps="/"/>
      <tstamps>aa2702f1-b492-4262-b20d-640552db62a4</tstamps>
    </comp>
    <comp ref="R1">
      <value>1K</value>
      <libsource lib="Device" part="R" description="Resistor"/>
      <property name="Sheetname" value=""/>
      <property name="Sheetfile" value="6502 based custom PC.kicad_sch"/>
      <property name="ki_description" value="Resistor"/>
      <property name="ki_keywords" value="R res resistor"/>
      <sheetpath names="/" tstamps="/"/>
      <tstamps>5b217b2c-9cb9-489c-8c39-7bd991e07e00</tstamps>
    </comp>
    <comp ref="R2">
      <value>1MΩ</value>
      <libsource lib="Device" part="R" description="Resistor"/>
      <property name="Sheetname" value=""/>
      <property name="Sheetfile" value="6502 based custom PC.kicad_sch"/>
      <property name="ki_description" value="Resistor"/>
      <property name="ki_keywords" value="R res resistor"/>
      <sheetpath names="/" tstamps="/"/>
      <tstamps>9fd513e3-4a0e-4723-9211-cf2bec18c36a</tstamps>
    </comp>
    <comp ref="R3">
      <value>1K</value>
      <libsource lib="Device" part="R" description="Resistor"/>
      <property name="Sheetname" value=""/>
      <property name="Sheetfile" value="6502 based custom PC.kicad_sch"/>
      <property name="ki_description" value="Resistor"/>
      <property name="ki_keywords" value="R res resistor"/>
      <sheetpath names="/" tstamps="/"/>
      <tstamps>c3591c1a-40b1-45e1-8e06-ab61e8f6a251</tstamps>
    </comp>
    <comp ref="SW1">
      <value>RESET</value>
      <libsource lib="Switch" part="SW_Push" description="Push button switch, generic, two pins"/>
      <property name="Sheetname" value=""/>
      <property name="Sheetfile" value="6502 based custom PC.kicad_sch"/>
      <property name="ki_description" value="Push button switch, generic, two pins"/>
      <property name="ki_keywords" value="switch normally-open pushbutton push-button"/>
      <sheetpath names="/" tstamps="/"/>
      <tstamps>4d964586-bf32-4cd0-924a-c15557ffc3ad</tstamps>
    </comp>
    <comp ref="U1">
      <value>HEF4093B</value>
      <datasheet>https://assets.nexperia.com/documents/data-sheet/HEF4093B.pdf</datasheet>
      <libsource lib="4xxx" part="HEF4093B" description="Quad 2-Input NAND Schmitt Trigger, SOIC-14"/>
      <property name="Sheetname" value=""/>
      <property name="Sheetfile" value="6502 based custom PC.kicad_sch"/>
      <property name="ki_description" value="Quad 2-Input NAND Schmitt Trigger, SOIC-14"/>
      <property name="ki_keywords" value="NAND2"/>
      <sheetpath names="/" tstamps="/"/>
      <tstamps>96077074-e474-4977-bf9e-8317e20d1c82 664436c3-3c17-471c-8c53-ff2bbc3dd0df</tstamps>
    </comp>
    <comp ref="U2">
      <value>HEF4093B</value>
      <datasheet>https://assets.nexperia.com/documents/data-sheet/HEF4093B.pdf</datasheet>
      <libsource lib="4xxx" part="HEF4093B" description="Quad 2-Input NAND Schmitt Trigger, SOIC-14"/>
      <property name="Sheetname" value=""/>
      <property name="Sheetfile" value="6502 based custom PC.kicad_sch"/>
      <property name="ki_description" value="Quad 2-Input NAND Schmitt Trigger, SOIC-14"/>
      <property name="ki_keywords" value="NAND2"/>
      <sheetpath names="/" tstamps="/"/>
      <tstamps>a289bd0d-99d7-46f4-af05-09c0d1b169ed 5bb085c9-c79d-48f8-83a9-50161d5ce364</tstamps>
    </comp>
    <comp ref="U3">
      <value>HEF4093B</value>
      <datasheet>https://assets.nexperia.com/documents/data-sheet/HEF4093B.pdf</datasheet>
      <libsource lib="4xxx" part="HEF4093B" description="Quad 2-Input NAND Schmitt Trigger, SOIC-14"/>
      <property name="Sheetname" value=""/>
      <property name="Sheetfile" value="6502 based custom PC.kicad_sch"/>
      <property name="ki_description" value="Quad 2-Input NAND Schmitt Trigger, SOIC-14"/>
      <property name="ki_keywords" value="NAND2"/>
      <sheetpath names="/" tstamps="/"/>
      <tstamps>a17d43a8-5e81-42e6-931f-8fc2d4413fc9</tstamps>
    </comp>
    <comp ref="U4">
      <value>HEF4093B</value>
      <datasheet>https://assets.nexperia.com/documents/data-sheet/HEF4093B.pdf</datasheet>
      <libsource lib="4xxx" part="HEF4093B" description="Quad 2-Input NAND Schmitt Trigger, SOIC-14"/>
      <property name="Sheetname" value=""/>
      <property name="Sheetfile" value="6502 based custom PC.kicad_sch"/>
      <property name="ki_description" value="Quad 2-Input NAND Schmitt Trigger, SOIC-14"/>
      <property name="ki_keywords" value="NAND2"/>
      <sheetpath names="/" tstamps="/"/>
      <tstamps>8580a46d-12ad-4ae6-b02a-de200ad782d2</tstamps>
    </comp>
    <comp ref="Y1">
      <value>ECS-100AX-100</value>
      <footprint>OSC_ECS-100AX-100</footprint>
      <fields>
        <field name="MANUFACTURER">ECS Inc.</field>
        <field name="STANDARD">MANUFACTURER RECOMMENDATIONS</field>
      </fields>
      <libsource lib="ECS-100AX-100" part="ECS-100AX-100" description=""/>
      <property name="MANUFACTURER" value="ECS Inc."/>
      <property name="STANDARD" value="MANUFACTURER RECOMMENDATIONS"/>
      <property name="Sheetname" value=""/>
      <property name="Sheetfile" value="6502 based custom PC.kicad_sch"/>
      <sheetpath names="/" tstamps="/"/>
      <tstamps>0f936975-9fcb-4327-9a53-389fb500f0c2</tstamps>
    </comp>
    <comp ref="Y2">
      <value>ECS-100AX-018</value>
      <footprint>OSC_ECS-100AX-018</footprint>
      <fields>
        <field name="MANUFACTURER">ECS Inc.</field>
        <field name="STANDARD">MANUFACTURER RECOMMENDATIONS</field>
      </fields>
      <libsource lib="ECS-100AX-018" part="ECS-100AX-018" description=""/>
      <property name="STANDARD" value="MANUFACTURER RECOMMENDATIONS"/>
      <property name="MANUFACTURER" value="ECS Inc."/>
      <property name="Sheetname" value=""/>
      <property name="Sheetfile" value="6502 based custom PC.kicad_sch"/>
      <sheetpath names="/" tstamps="/"/>
      <tstamps>bdfb9dcc-0e9e-4d91-a4c6-707ba1d925a7</tstamps>
    </comp>
  </components>
  <libparts>
    <libpart lib="4xxx" part="HEF4093B">
      <description>Quad 2-Input NAND Schmitt Trigger, SOIC-14</description>
      <docs>https://assets.nexperia.com/documents/data-sheet/HEF4093B.pdf</docs>
      <footprints>
        <fp>SOIC*3.9x8.7mm*P1.27mm*</fp>
      </footprints>
      <fields>
        <field name="Reference">U</field>
        <field name="Value">HEF4093B</field>
        <field name="Datasheet">https://assets.nexperia.com/documents/data-sheet/HEF4093B.pdf</field>
      </fields>
      <pins>
        <pin num="1" name="" type="input"/>
        <pin num="2" name="" type="input"/>
        <pin num="3" name="" type="output"/>
        <pin num="4" name="" type="output"/>
        <pin num="5" name="" type="input"/>
        <pin num="6" name="" type="input"/>
        <pin num="7" name="GND" type="power_in"/>
        <pin num="8" name="" type="input"/>
        <pin num="9" name="" type="input"/>
        <pin num="10" name="" type="output"/>
        <pin num="11" name="" type="output"/>
        <pin num="12" name="" type="input"/>
        <pin num="13" name="" type="input"/>
        <pin num="14" name="VCC" type="power_in"/>
      </pins>
    </libpart>
    <libpart lib="AS6C62256-55PCN" part="AS6C62256-55PCN">
      <description>Alliance Memory AS6C62256-55PCN SRAM Memory, 256kbit, 2.7  5.5 V, 55ns 28-Pin PDIP</description>
      <docs>https://componentsearchengine.com/Datasheets/1/AS6C62256-55PCN.pdf</docs>
      <fields>
        <field name="Reference">IC</field>
        <field name="Value">AS6C62256-55PCN</field>
        <field name="Footprint">DIP1587W140P254L3632H381Q28N</field>
        <field name="Datasheet">https://componentsearchengine.com/Datasheets/1/AS6C62256-55PCN.pdf</field>
        <field name="Height">3.81</field>
        <field name="Mouser Part Number">913-AS6C62256-55PCN</field>
        <field name="Mouser Price/Stock">https://www.mouser.co.uk/ProductDetail/Alliance-Memory/AS6C62256-55PCN?qs=LD2UibpCYJqgbIupMJnGTQ%3D%3D</field>
        <field name="Manufacturer_Name">Alliance Memory</field>
        <field name="Manufacturer_Part_Number">AS6C62256-55PCN</field>
      </fields>
      <pins>
        <pin num="1" name="A14" type="input"/>
        <pin num="2" name="A12" type="input"/>
        <pin num="3" name="A7" type="input"/>
        <pin num="4" name="A6" type="input"/>
        <pin num="5" name="A5" type="input"/>
        <pin num="6" name="A4" type="input"/>
        <pin num="7" name="A3" type="input"/>
        <pin num="8" name="A2" type="input"/>
        <pin num="9" name="A1" type="input"/>
        <pin num="10" name="A0" type="input"/>
        <pin num="11" name="DQ0" type="bidirectional"/>
        <pin num="12" name="DQ1" type="bidirectional"/>
        <pin num="13" name="DQ2" type="bidirectional"/>
        <pin num="14" name="VSS" type="power_in"/>
        <pin num="15" name="DQ3" type="bidirectional"/>
        <pin num="16" name="DQ4" type="bidirectional"/>
        <pin num="17" name="DQ5" type="bidirectional"/>
        <pin num="18" name="DQ6" type="bidirectional"/>
        <pin num="19" name="DQ7" type="bidirectional"/>
        <pin num="20" name="CE#" type="input"/>
        <pin num="21" name="A10" type="input"/>
        <pin num="22" name="OE#" type="input"/>
        <pin num="23" name="A11" type="input"/>
        <pin num="24" name="A9" type="input"/>
        <pin num="25" name="A8" type="input"/>
        <pin num="26" name="A13" type="input"/>
        <pin num="27" name="WE#" type="input"/>
        <pin num="28" name="VCC" type="power_in"/>
      </pins>
    </libpart>
    <libpart lib="AT28C256-15SU" part="AT28C256-15SU">
      <description>EEPROM Parallel 256K-bit 32K x 8 5V 28-Pin SOIC Tube</description>
      <docs>https://componentsearchengine.com/Datasheets/2/AT28C256-15SU.pdf</docs>
      <fields>
        <field name="Reference">IC</field>
        <field name="Value">AT28C256-15SU</field>
        <field name="Footprint">SOIC127P1032X265-28N</field>
        <field name="Datasheet">https://componentsearchengine.com/Datasheets/2/AT28C256-15SU.pdf</field>
        <field name="Height">2.65</field>
        <field name="Mouser Part Number">556-AT28C25615SU</field>
        <field name="Mouser Price/Stock">https://www.mouser.co.uk/ProductDetail/Microchip-Technology/AT28C256-15SU?qs=MAR%2F2X5XOp7W6WUPOcncFQ%3D%3D</field>
        <field name="Manufacturer_Name">Microchip</field>
        <field name="Manufacturer_Part_Number">AT28C256-15SU</field>
      </fields>
      <pins>
        <pin num="1" name="A14" type="passive"/>
        <pin num="2" name="A12" type="passive"/>
        <pin num="3" name="A7" type="passive"/>
        <pin num="4" name="A6" type="passive"/>
        <pin num="5" name="A5" type="passive"/>
        <pin num="6" name="A4" type="passive"/>
        <pin num="7" name="A3" type="passive"/>
        <pin num="8" name="A2" type="passive"/>
        <pin num="9" name="A1" type="passive"/>
        <pin num="10" name="A0" type="passive"/>
        <pin num="11" name="I/O0" type="passive"/>
        <pin num="12" name="I/O1" type="passive"/>
        <pin num="13" name="I/O2" type="passive"/>
        <pin num="14" name="GND" type="passive"/>
        <pin num="15" name="I/O3" type="passive"/>
        <pin num="16" name="I/O4" type="passive"/>
        <pin num="17" name="I/O5" type="passive"/>
        <pin num="18" name="I/O6" type="passive"/>
        <pin num="19" name="I/O7" type="passive"/>
        <pin num="20" name="~{CE}" type="passive"/>
        <pin num="21" name="A10" type="passive"/>
        <pin num="22" name="~{OE}" type="passive"/>
        <pin num="23" name="A11" type="passive"/>
        <pin num="24" name="A9" type="passive"/>
        <pin num="25" name="A8" type="passive"/>
        <pin num="26" name="A13" type="passive"/>
        <pin num="27" name="~{WE}" type="passive"/>
        <pin num="28" name="VCC" type="passive"/>
      </pins>
    </libpart>
    <libpart lib="Connector" part="DE9_Plug">
      <description>9-pin male plug pin D-SUB connector</description>
      <docs> ~</docs>
      <footprints>
        <fp>DSUB*Male*</fp>
      </footprints>
      <fields>
        <field name="Reference">J</field>
        <field name="Value">DE9_Plug</field>
        <field name="Datasheet"> ~</field>
      </fields>
      <pins>
        <pin num="1" name="1" type="passive"/>
        <pin num="2" name="2" type="passive"/>
        <pin num="3" name="3" type="passive"/>
        <pin num="4" name="4" type="passive"/>
        <pin num="5" name="5" type="passive"/>
        <pin num="6" name="6" type="passive"/>
        <pin num="7" name="7" type="passive"/>
        <pin num="8" name="8" type="passive"/>
        <pin num="9" name="9" type="passive"/>
      </pins>
    </libpart>
    <libpart lib="Device" part="C_Small">
      <description>Unpolarized capacitor, small symbol</description>
      <docs>~</docs>
      <footprints>
        <fp>C_*</fp>
      </footprints>
      <fields>
        <field name="Reference">C</field>
        <field name="Value">C_Small</field>
        <field name="Datasheet">~</field>
      </fields>
      <pins>
        <pin num="1" name="" type="passive"/>
        <pin num="2" name="" type="passive"/>
      </pins>
    </libpart>
    <libpart lib="Device" part="R">
      <description>Resistor</description>
      <docs>~</docs>
      <footprints>
        <fp>R_*</fp>
      </footprints>
      <fields>
        <field name="Reference">R</field>
        <field name="Value">R</field>
        <field name="Datasheet">~</field>
      </fields>
      <pins>
        <pin num="1" name="" type="passive"/>
        <pin num="2" name="" type="passive"/>
      </pins>
    </libpart>
    <libpart lib="Diode" part="1N914">
      <description>100V 0.3A Small Signal Fast Switching Diode, DO-35</description>
      <docs>http://www.vishay.com/docs/85622/1n914.pdf</docs>
      <footprints>
        <fp>D*DO?35*</fp>
      </footprints>
      <fields>
        <field name="Reference">D</field>
        <field name="Value">1N914</field>
        <field name="Footprint">Diode_THT:D_DO-35_SOD27_P7.62mm_Horizontal</field>
        <field name="Datasheet">http://www.vishay.com/docs/85622/1n914.pdf</field>
        <field name="Sim.Device">D</field>
        <field name="Sim.Pins">1=K 2=A</field>
      </fields>
      <pins>
        <pin num="1" name="K" type="passive"/>
        <pin num="2" name="A" type="passive"/>
      </pins>
    </libpart>
    <libpart lib="ECS-100AX-018" part="ECS-100AX-018">
      <fields>
        <field name="Reference">Y</field>
        <field name="Value">ECS-100AX-018</field>
        <field name="Footprint">OSC_ECS-100AX-018</field>
        <field name="STANDARD">MANUFACTURER RECOMMENDATIONS</field>
        <field name="MANUFACTURER">ECS Inc.</field>
      </fields>
      <pins>
        <pin num="7" name="CASE_GND" type="power_in"/>
        <pin num="8" name="OUTPUT" type="output"/>
        <pin num="14" name="+VDC" type="input"/>
      </pins>
    </libpart>
    <libpart lib="ECS-100AX-100" part="ECS-100AX-100">
      <fields>
        <field name="Reference">Y</field>
        <field name="Value">ECS-100AX-100</field>
        <field name="Footprint">OSC_ECS-100AX-100</field>
        <field name="MANUFACTURER">ECS Inc.</field>
        <field name="STANDARD">MANUFACTURER RECOMMENDATIONS</field>
      </fields>
      <pins>
        <pin num="7" name="CASE_GND" type="power_in"/>
        <pin num="8" name="OUTPUT" type="output"/>
        <pin num="14" name="+VDC" type="input"/>
      </pins>
    </libpart>
    <libpart lib="MAX232ECN" part="MAX232ECN">
      <description>Dual RS-232 Driver/Receiver with IEC61000-4-2  Protection</description>
      <docs>http://www.ti.com/lit/gpn/max232e</docs>
      <fields>
        <field name="Reference">IC</field>
        <field name="Value">MAX232ECN</field>
        <field name="Footprint">DIP794W53P254L1930H508Q16N</field>
        <field name="Datasheet">http://www.ti.com/lit/gpn/max232e</field>
        <field name="Height">5.08</field>
        <field name="Mouser Part Number">595-MAX232ECN</field>
        <field name="Mouser Price/Stock">https://www.mouser.com/Search/Refine.aspx?Keyword=595-MAX232ECN</field>
        <field name="Manufacturer_Name">Texas Instruments</field>
        <field name="Manufacturer_Part_Number">MAX232ECN</field>
      </fields>
      <pins>
        <pin num="1" name="C1+" type="passive"/>
        <pin num="2" name="VS+" type="passive"/>
        <pin num="3" name="C1-" type="passive"/>
        <pin num="4" name="C2+" type="passive"/>
        <pin num="5" name="C2-" type="passive"/>
        <pin num="6" name="VS-" type="passive"/>
        <pin num="7" name="DOUT2" type="passive"/>
        <pin num="8" name="RIN2" type="passive"/>
        <pin num="9" name="ROUT2" type="passive"/>
        <pin num="10" name="DIN2" type="passive"/>
        <pin num="11" name="DIN1" type="passive"/>
        <pin num="12" name="ROUT1" type="passive"/>
        <pin num="13" name="RIN1" type="passive"/>
        <pin num="14" name="DOUT1" type="passive"/>
        <pin num="15" name="GND" type="passive"/>
        <pin num="16" name="VCC" type="passive"/>
      </pins>
    </libpart>
    <libpart lib="Switch" part="SW_Push">
      <description>Push button switch, generic, two pins</description>
      <docs>~</docs>
      <fields>
        <field name="Reference">SW</field>
        <field name="Value">SW_Push</field>
        <field name="Datasheet">~</field>
      </fields>
      <pins>
        <pin num="1" name="1" type="passive"/>
        <pin num="2" name="2" type="passive"/>
      </pins>
    </libpart>
    <libpart lib="W65C02S6TPG-14" part="W65C02S6TPG-14">
      <description>Microprocessors - MPU 8-bit Microprocessor</description>
      <docs>https://componentsearchengine.com/Datasheets/1/W65C02S6TPG-14.pdf</docs>
      <fields>
        <field name="Reference">IC</field>
        <field name="Value">W65C02S6TPG-14</field>
        <field name="Footprint">DIP1524W56P254L5207H508Q40N</field>
        <field name="Datasheet">https://componentsearchengine.com/Datasheets/1/W65C02S6TPG-14.pdf</field>
        <field name="Height">5.08</field>
        <field name="Mouser Part Number">955-W65C02S6TPG-14</field>
        <field name="Mouser Price/Stock">https://www.mouser.co.uk/ProductDetail/Western-Design-Center-WDC/W65C02S6TPG-14?qs=opBjA1TV903lvWo9AEKH5w%3D%3D</field>
        <field name="Manufacturer_Name">Western Design Center (WDC)</field>
        <field name="Manufacturer_Part_Number">W65C02S6TPG-14</field>
      </fields>
      <pins>
        <pin num="1" name="VPB" type="passive"/>
        <pin num="2" name="RDY" type="passive"/>
        <pin num="3" name="PHI1O" type="passive"/>
        <pin num="4" name="IRQB" type="input"/>
        <pin num="5" name="MLB" type="passive"/>
        <pin num="6" name="NMIB" type="input"/>
        <pin num="7" name="SYNC" type="output"/>
        <pin num="8" name="VDD" type="power_in"/>
        <pin num="9" name="A0" type="output"/>
        <pin num="10" name="A1" type="output"/>
        <pin num="11" name="A2" type="output"/>
        <pin num="12" name="A3" type="output"/>
        <pin num="13" name="A4" type="output"/>
        <pin num="14" name="A5" type="output"/>
        <pin num="15" name="A6" type="output"/>
        <pin num="16" name="A7" type="output"/>
        <pin num="17" name="A8" type="output"/>
        <pin num="18" name="A9" type="output"/>
        <pin num="19" name="A10" type="output"/>
        <pin num="20" name="A11" type="output"/>
        <pin num="21" name="VSS" type="power_in"/>
        <pin num="22" name="A12" type="output"/>
        <pin num="23" name="A13" type="output"/>
        <pin num="24" name="A14" type="output"/>
        <pin num="25" name="A15" type="output"/>
        <pin num="26" name="D7" type="output"/>
        <pin num="27" name="D6" type="output"/>
        <pin num="28" name="D5" type="output"/>
        <pin num="29" name="D4" type="output"/>
        <pin num="30" name="D3" type="output"/>
        <pin num="31" name="D2" type="output"/>
        <pin num="32" name="D1" type="output"/>
        <pin num="33" name="D0" type="output"/>
        <pin num="34" name="RWB" type="output"/>
        <pin num="35" name="NC" type="no_connect"/>
        <pin num="36" name="BE" type="passive"/>
        <pin num="37" name="PHI2" type="passive"/>
        <pin num="38" name="SOB" type="passive"/>
        <pin num="39" name="PHI2O" type="passive"/>
        <pin num="40" name="RESB" type="input"/>
      </pins>
    </libpart>
    <libpart lib="W65C22S6TPG-14" part="W65C22S6TPG-14">
      <description>I/O Controller Interface IC Versatile Interface Adapter</description>
      <docs>https://componentsearchengine.com/Datasheets/1/W65C22S6TPG-14.pdf</docs>
      <fields>
        <field name="Reference">IC</field>
        <field name="Value">W65C22S6TPG-14</field>
        <field name="Footprint">DIP1524W38P254L5207H407Q40N</field>
        <field name="Datasheet">https://componentsearchengine.com/Datasheets/1/W65C22S6TPG-14.pdf</field>
        <field name="Height">4.07</field>
        <field name="Mouser Part Number">955-W65C22S6TPG-14</field>
        <field name="Mouser Price/Stock">https://www.mouser.co.uk/ProductDetail/Western-Design-Center-WDC/W65C22S6TPG-14?qs=opBjA1TV9038jNZ%252Bop8JdA%3D%3D</field>
        <field name="Manufacturer_Name">Western Design Center (WDC)</field>
        <field name="Manufacturer_Part_Number">W65C22S6TPG-14</field>
      </fields>
      <pins>
        <pin num="1" name="VSS" type="passive"/>
        <pin num="2" name="PA0" type="passive"/>
        <pin num="3" name="PA1" type="passive"/>
        <pin num="4" name="PA2" type="passive"/>
        <pin num="5" name="PA3" type="passive"/>
        <pin num="6" name="PA4" type="passive"/>
        <pin num="7" name="PA5" type="passive"/>
        <pin num="8" name="PA6" type="passive"/>
        <pin num="9" name="PA7" type="passive"/>
        <pin num="10" name="PB0" type="passive"/>
        <pin num="11" name="PB1" type="passive"/>
        <pin num="12" name="PB2" type="passive"/>
        <pin num="13" name="PB3" type="passive"/>
        <pin num="14" name="PB4" type="passive"/>
        <pin num="15" name="PB5" type="passive"/>
        <pin num="16" name="PB6" type="passive"/>
        <pin num="17" name="PB7" type="passive"/>
        <pin num="18" name="CB1" type="passive"/>
        <pin num="19" name="CB2" type="passive"/>
        <pin num="20" name="VDD" type="passive"/>
        <pin num="21" name="IRQB" type="passive"/>
        <pin num="22" name="R/WB" type="passive"/>
        <pin num="23" name="CS2B" type="passive"/>
        <pin num="24" name="CS1" type="passive"/>
        <pin num="25" name="PHI2" type="passive"/>
        <pin num="26" name="D7" type="passive"/>
        <pin num="27" name="D6" type="passive"/>
        <pin num="28" name="D5" type="passive"/>
        <pin num="29" name="D4" type="passive"/>
        <pin num="30" name="D3" type="passive"/>
        <pin num="31" name="D2" type="passive"/>
        <pin num="32" name="D1" type="passive"/>
        <pin num="33" name="D0" type="passive"/>
        <pin num="34" name="RESB" type="passive"/>
        <pin num="35" name="RS3" type="passive"/>
        <pin num="36" name="RS2" type="passive"/>
        <pin num="37" name="RS1" type="passive"/>
        <pin num="38" name="RS0" type="passive"/>
        <pin num="39" name="CA2" type="passive"/>
        <pin num="40" name="CA1" type="passive"/>
      </pins>
    </libpart>
    <libpart lib="W65C51N6TPG-14" part="W65C51N6TPG-14">
      <description>Interface - Specialized Asynch Communication Interface Adapter</description>
      <docs>https://componentsearchengine.com/Datasheets/1/W65C51N6TPG-14.pdf</docs>
      <fields>
        <field name="Reference">IC</field>
        <field name="Value">W65C51N6TPG-14</field>
        <field name="Footprint">DIP1524W58P254L3696H558Q28N</field>
        <field name="Datasheet">https://componentsearchengine.com/Datasheets/1/W65C51N6TPG-14.pdf</field>
        <field name="Height">5.584</field>
        <field name="Mouser Part Number">955-W65C51N6TPG-14</field>
        <field name="Mouser Price/Stock">https://www.mouser.co.uk/ProductDetail/Western-Design-Center-WDC/W65C51N6TPG-14?qs=AgbsAOSw7WDdUCKSkUixbw%3D%3D</field>
        <field name="Manufacturer_Name">Western Design Center (WDC)</field>
        <field name="Manufacturer_Part_Number">W65C51N6TPG-14</field>
      </fields>
      <pins>
        <pin num="1" name="VSS" type="passive"/>
        <pin num="2" name="CS0" type="passive"/>
        <pin num="3" name="CS1B" type="passive"/>
        <pin num="4" name="RESB" type="passive"/>
        <pin num="5" name="RXC" type="passive"/>
        <pin num="6" name="XTLI" type="passive"/>
        <pin num="7" name="XLT0" type="passive"/>
        <pin num="8" name="RTSB" type="passive"/>
        <pin num="9" name="CTSB" type="passive"/>
        <pin num="10" name="TXD" type="passive"/>
        <pin num="11" name="DTRB" type="passive"/>
        <pin num="12" name="RXD" type="passive"/>
        <pin num="13" name="RS0" type="passive"/>
        <pin num="14" name="RS1" type="passive"/>
        <pin num="15" name="VDD" type="passive"/>
        <pin num="16" name="DCDB" type="passive"/>
        <pin num="17" name="DSRB" type="passive"/>
        <pin num="18" name="D0" type="passive"/>
        <pin num="19" name="D1" type="passive"/>
        <pin num="20" name="D2" type="passive"/>
        <pin num="21" name="D3" type="passive"/>
        <pin num="22" name="D4" type="passive"/>
        <pin num="23" name="D5" type="passive"/>
        <pin num="24" name="D6" type="passive"/>
        <pin num="25" name="D7" type="passive"/>
        <pin num="26" name="IRQB" type="passive"/>
        <pin num="27" name="PHI2" type="passive"/>
        <pin num="28" name="RWB" type="passive"/>
      </pins>
    </libpart>
  </libparts>
  <libraries>
    <library logical="4xxx">
      <uri>/app/extensions/Library/symbols//4xxx.kicad_sym</uri>
    </library>
    <library logical="AS6C62256-55PCN">
      <uri>/home/chromiumos/Work/Schematics/6502 based custom PC/AS6C62256-55PCN.kicad_sym</uri>
    </library>
    <library logical="AT28C256-15SU">
      <uri>/home/chromiumos/Work/Schematics/6502 based custom PC/AT28C256-15SU.kicad_sym</uri>
    </library>
    <library logical="Connector">
      <uri>/app/extensions/Library/symbols//Connector.kicad_sym</uri>
    </library>
    <library logical="Device">
      <uri>/app/extensions/Library/symbols//Device.kicad_sym</uri>
    </library>
    <library logical="Diode">
      <uri>/app/extensions/Library/symbols//Diode.kicad_sym</uri>
    </library>
    <library logical="ECS-100AX-018">
      <uri>/home/chromiumos/Work/Schematics/6502 based custom PC/ECS-100AX-018.kicad_sym</uri>
    </library>
    <library logical="ECS-100AX-100">
      <uri>/home/chromiumos/Work/Schematics/6502 based custom PC/ECS-100AX-100.kicad_sym</uri>
    </library>
    <library logical="MAX232ECN">
      <uri>/home/chromiumos/Work/Schematics/6502 based custom PC/MAX232ECN.kicad_sym</uri>
    </library>
    <library logical="Switch">
      <uri>/app/extensions/Library/symbols//Switch.kicad_sym</uri>
    </library>
    <library logical="W65C02S6TPG-14">
      <uri>/home/chromiumos/Work/Schematics/6502 based custom PC/W65C02S6TPG-14.kicad_sym</uri>
    </library>
    <library logical="W65C22S6TPG-14">
      <uri>/home/chromiumos/Work/Schematics/6502 based custom PC/W65C22S6TPG-14.kicad_sym</uri>
    </library>
    <library logical="W65C51N6TPG-14">
      <uri>/home/chromiumos/Work/Schematics/6502 based custom PC/W65C51N6TPG-14.kicad_sym</uri>
    </library>
  </libraries>
  <nets>
    <net code="1" name="+5V">
      <node ref="IC1" pin="36" pinfunction="BE" pintype="passive"/>
      <node ref="IC1" pin="6" pinfunction="NMIB" pintype="input"/>
      <node ref="IC1" pin="8" pinfunction="VDD" pintype="power_in"/>
      <node ref="IC2" pin="27" pinfunction="~{WE}" pintype="passive"/>
      <node ref="IC2" pin="28" pinfunction="VCC" pintype="passive"/>
      <node ref="IC3" pin="20" pinfunction="VDD" pintype="passive"/>
      <node ref="IC4" pin="28" pinfunction="VCC" pintype="power_in"/>
      <node ref="IC5" pin="16" pinfunction="VCC" pintype="passive"/>
      <node ref="IC6" pin="15" pinfunction="VDD" pintype="passive"/>
      <node ref="R1" pin="1" pintype="passive"/>
      <node ref="R3" pin="1" pintype="passive"/>
      <node ref="Y1" pin="14" pinfunction="+VDC" pintype="input"/>
    </net>
    <net code="2" name="/A0">
      <node ref="IC1" pin="9" pinfunction="A0" pintype="output"/>
      <node ref="IC2" pin="10" pinfunction="A0" pintype="passive"/>
      <node ref="IC3" pin="38" pinfunction="RS0" pintype="passive"/>
      <node ref="IC4" pin="10" pinfunction="A0" pintype="input"/>
      <node ref="IC6" pin="13" pinfunction="RS0" pintype="passive"/>
    </net>
    <net code="3" name="/A1">
      <node ref="IC1" pin="10" pinfunction="A1" pintype="output"/>
      <node ref="IC2" pin="9" pinfunction="A1" pintype="passive"/>
      <node ref="IC3" pin="37" pinfunction="RS1" pintype="passive"/>
      <node ref="IC4" pin="9" pinfunction="A1" pintype="input"/>
      <node ref="IC6" pin="14" pinfunction="RS1" pintype="passive"/>
    </net>
    <net code="4" name="/A2">
      <node ref="IC1" pin="11" pinfunction="A2" pintype="output"/>
      <node ref="IC2" pin="8" pinfunction="A2" pintype="passive"/>
      <node ref="IC3" pin="36" pinfunction="RS2" pintype="passive"/>
      <node ref="IC4" pin="8" pinfunction="A2" pintype="input"/>
    </net>
    <net code="5" name="/A3">
      <node ref="IC1" pin="12" pinfunction="A3" pintype="output"/>
      <node ref="IC2" pin="7" pinfunction="A3" pintype="passive"/>
      <node ref="IC3" pin="35" pinfunction="RS3" pintype="passive"/>
      <node ref="IC4" pin="7" pinfunction="A3" pintype="input"/>
    </net>
    <net code="6" name="/A4">
      <node ref="IC1" pin="13" pinfunction="A4" pintype="output"/>
      <node ref="IC2" pin="6" pinfunction="A4" pintype="passive"/>
      <node ref="IC4" pin="6" pinfunction="A4" pintype="input"/>
    </net>
    <net code="7" name="/A5">
      <node ref="IC1" pin="14" pinfunction="A5" pintype="output"/>
      <node ref="IC2" pin="5" pinfunction="A5" pintype="passive"/>
      <node ref="IC4" pin="5" pinfunction="A5" pintype="input"/>
    </net>
    <net code="8" name="/A6">
      <node ref="IC1" pin="15" pinfunction="A6" pintype="output"/>
      <node ref="IC2" pin="4" pinfunction="A6" pintype="passive"/>
      <node ref="IC4" pin="4" pinfunction="A6" pintype="input"/>
    </net>
    <net code="9" name="/A7">
      <node ref="IC1" pin="16" pinfunction="A7" pintype="output"/>
      <node ref="IC2" pin="3" pinfunction="A7" pintype="passive"/>
      <node ref="IC4" pin="3" pinfunction="A7" pintype="input"/>
    </net>
    <net code="10" name="/A8">
      <node ref="IC1" pin="17" pinfunction="A8" pintype="output"/>
      <node ref="IC2" pin="25" pinfunction="A8" pintype="passive"/>
      <node ref="IC4" pin="25" pinfunction="A8" pintype="input"/>
    </net>
    <net code="11" name="/A9">
      <node ref="IC1" pin="18" pinfunction="A9" pintype="output"/>
      <node ref="IC2" pin="24" pinfunction="A9" pintype="passive"/>
      <node ref="IC4" pin="24" pinfunction="A9" pintype="input"/>
    </net>
    <net code="12" name="/A10">
      <node ref="IC1" pin="19" pinfunction="A10" pintype="output"/>
      <node ref="IC2" pin="21" pinfunction="A10" pintype="passive"/>
      <node ref="IC4" pin="21" pinfunction="A10" pintype="input"/>
    </net>
    <net code="13" name="/A11">
      <node ref="IC1" pin="20" pinfunction="A11" pintype="output"/>
      <node ref="IC2" pin="23" pinfunction="A11" pintype="passive"/>
      <node ref="IC4" pin="23" pinfunction="A11" pintype="input"/>
    </net>
    <net code="14" name="/A12">
      <node ref="IC1" pin="22" pinfunction="A12" pintype="output"/>
      <node ref="IC2" pin="2" pinfunction="A12" pintype="passive"/>
      <node ref="IC4" pin="2" pinfunction="A12" pintype="input"/>
      <node ref="IC6" pin="2" pinfunction="CS0" pintype="passive"/>
      <node ref="U3" pin="2" pintype="input"/>
    </net>
    <net code="15" name="/A13">
      <node ref="IC1" pin="23" pinfunction="A13" pintype="output"/>
      <node ref="IC2" pin="26" pinfunction="A13" pintype="passive"/>
      <node ref="IC3" pin="24" pinfunction="CS1" pintype="passive"/>
      <node ref="IC4" pin="26" pinfunction="A13" pintype="input"/>
      <node ref="U4" pin="1" pintype="input"/>
      <node ref="U4" pin="2" pintype="input"/>
    </net>
    <net code="16" name="/A14">
      <node ref="IC1" pin="24" pinfunction="A14" pintype="output"/>
      <node ref="IC2" pin="1" pinfunction="A14" pintype="passive"/>
      <node ref="IC4" pin="1" pinfunction="A14" pintype="input"/>
      <node ref="IC4" pin="22" pinfunction="OE#" pintype="input"/>
      <node ref="U2" pin="1" pintype="input"/>
    </net>
    <net code="17" name="/A15">
      <node ref="IC1" pin="25" pinfunction="A15" pintype="output"/>
      <node ref="U1" pin="1" pintype="input"/>
      <node ref="U1" pin="2" pintype="input"/>
    </net>
    <net code="18" name="/D0">
      <node ref="IC1" pin="33" pinfunction="D0" pintype="output"/>
      <node ref="IC2" pin="11" pinfunction="I/O0" pintype="passive"/>
      <node ref="IC3" pin="33" pinfunction="D0" pintype="passive"/>
      <node ref="IC4" pin="11" pinfunction="DQ0" pintype="bidirectional"/>
      <node ref="IC6" pin="18" pinfunction="D0" pintype="passive"/>
    </net>
    <net code="19" name="/D1">
      <node ref="IC1" pin="32" pinfunction="D1" pintype="output"/>
      <node ref="IC2" pin="12" pinfunction="I/O1" pintype="passive"/>
      <node ref="IC3" pin="32" pinfunction="D1" pintype="passive"/>
      <node ref="IC4" pin="12" pinfunction="DQ1" pintype="bidirectional"/>
      <node ref="IC6" pin="19" pinfunction="D1" pintype="passive"/>
    </net>
    <net code="20" name="/D2">
      <node ref="IC1" pin="31" pinfunction="D2" pintype="output"/>
      <node ref="IC2" pin="13" pinfunction="I/O2" pintype="passive"/>
      <node ref="IC3" pin="31" pinfunction="D2" pintype="passive"/>
      <node ref="IC4" pin="13" pinfunction="DQ2" pintype="bidirectional"/>
      <node ref="IC6" pin="20" pinfunction="D2" pintype="passive"/>
    </net>
    <net code="21" name="/D3">
      <node ref="IC1" pin="30" pinfunction="D3" pintype="output"/>
      <node ref="IC2" pin="15" pinfunction="I/O3" pintype="passive"/>
      <node ref="IC3" pin="30" pinfunction="D3" pintype="passive"/>
      <node ref="IC4" pin="15" pinfunction="DQ3" pintype="bidirectional"/>
      <node ref="IC6" pin="21" pinfunction="D3" pintype="passive"/>
    </net>
    <net code="22" name="/D4">
      <node ref="IC1" pin="29" pinfunction="D4" pintype="output"/>
      <node ref="IC2" pin="16" pinfunction="I/O4" pintype="passive"/>
      <node ref="IC3" pin="29" pinfunction="D4" pintype="passive"/>
      <node ref="IC4" pin="16" pinfunction="DQ4" pintype="bidirectional"/>
      <node ref="IC6" pin="22" pinfunction="D4" pintype="passive"/>
    </net>
    <net code="23" name="/D5">
      <node ref="IC1" pin="28" pinfunction="D5" pintype="output"/>
      <node ref="IC2" pin="17" pinfunction="I/O5" pintype="passive"/>
      <node ref="IC3" pin="28" pinfunction="D5" pintype="passive"/>
      <node ref="IC4" pin="17" pinfunction="DQ5" pintype="bidirectional"/>
      <node ref="IC6" pin="23" pinfunction="D5" pintype="passive"/>
    </net>
    <net code="24" name="/D6">
      <node ref="IC1" pin="27" pinfunction="D6" pintype="output"/>
      <node ref="IC2" pin="18" pinfunction="I/O6" pintype="passive"/>
      <node ref="IC3" pin="27" pinfunction="D6" pintype="passive"/>
      <node ref="IC4" pin="18" pinfunction="DQ6" pintype="bidirectional"/>
      <node ref="IC6" pin="24" pinfunction="D6" pintype="passive"/>
    </net>
    <net code="25" name="/D7">
      <node ref="IC1" pin="26" pinfunction="D7" pintype="output"/>
      <node ref="IC2" pin="19" pinfunction="I/O7" pintype="passive"/>
      <node ref="IC3" pin="26" pinfunction="D7" pintype="passive"/>
      <node ref="IC4" pin="19" pinfunction="DQ7" pintype="bidirectional"/>
      <node ref="IC6" pin="25" pinfunction="D7" pintype="passive"/>
    </net>
    <net code="26" name="GND">
      <node ref="C1" pin="1" pintype="passive"/>
      <node ref="C2" pin="1" pintype="passive"/>
      <node ref="C5" pin="1" pintype="passive"/>
      <node ref="C6" pin="2" pintype="passive"/>
      <node ref="IC1" pin="21" pinfunction="VSS" pintype="power_in"/>
      <node ref="IC2" pin="14" pinfunction="GND" pintype="passive"/>
      <node ref="IC2" pin="22" pinfunction="~{OE}" pintype="passive"/>
      <node ref="IC3" pin="1" pinfunction="VSS" pintype="passive"/>
      <node ref="IC4" pin="14" pinfunction="VSS" pintype="power_in"/>
      <node ref="IC5" pin="15" pinfunction="GND" pintype="passive"/>
      <node ref="IC6" pin="1" pinfunction="VSS" pintype="passive"/>
      <node ref="J1" pin="5" pinfunction="5" pintype="passive"/>
      <node ref="SW1" pin="1" pinfunction="1" pintype="passive"/>
    </net>
    <net code="27" name="Net-(D1-A)">
      <node ref="D1" pin="2" pinfunction="A" pintype="passive"/>
      <node ref="D2" pin="2" pinfunction="A" pintype="passive"/>
      <node ref="IC1" pin="4" pinfunction="IRQB" pintype="input"/>
    </net>
    <net code="28" name="Net-(D1-K)">
      <node ref="D1" pin="1" pinfunction="K" pintype="passive"/>
      <node ref="IC3" pin="21" pinfunction="IRQB" pintype="passive"/>
    </net>
    <net code="29" name="Net-(D2-K)">
      <node ref="D2" pin="1" pinfunction="K" pintype="passive"/>
      <node ref="IC6" pin="26" pinfunction="IRQB" pintype="passive"/>
    </net>
    <net code="30" name="Net-(IC1-PHI2)">
      <node ref="IC1" pin="37" pinfunction="PHI2" pintype="passive"/>
      <node ref="IC3" pin="25" pinfunction="PHI2" pintype="passive"/>
      <node ref="IC6" pin="27" pinfunction="PHI2" pintype="passive"/>
      <node ref="U1" pin="6" pintype="input"/>
      <node ref="Y1" pin="8" pinfunction="OUTPUT" pintype="output"/>
    </net>
    <net code="31" name="Net-(IC1-RDY)">
      <node ref="IC1" pin="2" pinfunction="RDY" pintype="passive"/>
      <node ref="R3" pin="2" pintype="passive"/>
    </net>
    <net code="32" name="Net-(IC1-RESB)">
      <node ref="C6" pin="1" pintype="passive"/>
      <node ref="IC1" pin="40" pinfunction="RESB" pintype="input"/>
      <node ref="IC3" pin="34" pinfunction="RESB" pintype="passive"/>
      <node ref="IC6" pin="4" pinfunction="RESB" pintype="passive"/>
      <node ref="R1" pin="2" pintype="passive"/>
      <node ref="SW1" pin="2" pinfunction="2" pintype="passive"/>
    </net>
    <net code="33" name="Net-(IC1-RWB)">
      <node ref="IC1" pin="34" pinfunction="RWB" pintype="output"/>
      <node ref="IC3" pin="22" pinfunction="R/WB" pintype="passive"/>
      <node ref="IC4" pin="27" pinfunction="WE#" pintype="input"/>
      <node ref="IC6" pin="28" pinfunction="RWB" pintype="passive"/>
    </net>
    <net code="34" name="Net-(IC2-~{CE})">
      <node ref="IC2" pin="20" pinfunction="~{CE}" pintype="passive"/>
      <node ref="U1" pin="3" pintype="output"/>
      <node ref="U1" pin="5" pintype="input"/>
      <node ref="U2" pin="2" pintype="input"/>
    </net>
    <net code="35" name="Net-(IC3-CS2B)">
      <node ref="IC3" pin="23" pinfunction="CS2B" pintype="passive"/>
      <node ref="U2" pin="5" pintype="input"/>
      <node ref="U3" pin="3" pintype="output"/>
    </net>
    <net code="36" name="Net-(IC4-CE#)">
      <node ref="IC4" pin="20" pinfunction="CE#" pintype="input"/>
      <node ref="U1" pin="4" pintype="output"/>
    </net>
    <net code="37" name="Net-(IC5-C1+)">
      <node ref="C3" pin="1" pintype="passive"/>
      <node ref="IC5" pin="1" pinfunction="C1+" pintype="passive"/>
    </net>
    <net code="38" name="Net-(IC5-C1-)">
      <node ref="C3" pin="2" pintype="passive"/>
      <node ref="IC5" pin="3" pinfunction="C1-" pintype="passive"/>
    </net>
    <net code="39" name="Net-(IC5-C2+)">
      <node ref="C4" pin="2" pintype="passive"/>
      <node ref="IC5" pin="4" pinfunction="C2+" pintype="passive"/>
    </net>
    <net code="40" name="Net-(IC5-C2-)">
      <node ref="C4" pin="1" pintype="passive"/>
      <node ref="IC5" pin="5" pinfunction="C2-" pintype="passive"/>
    </net>
    <net code="41" name="Net-(IC5-DIN2)">
      <node ref="IC5" pin="10" pinfunction="DIN2" pintype="passive"/>
      <node ref="IC6" pin="10" pinfunction="TXD" pintype="passive"/>
    </net>
    <net code="42" name="Net-(IC5-DOUT2)">
      <node ref="IC5" pin="7" pinfunction="DOUT2" pintype="passive"/>
      <node ref="J1" pin="2" pinfunction="2" pintype="passive"/>
    </net>
    <net code="43" name="Net-(IC5-RIN2)">
      <node ref="IC5" pin="8" pinfunction="RIN2" pintype="passive"/>
      <node ref="J1" pin="3" pinfunction="3" pintype="passive"/>
    </net>
    <net code="44" name="Net-(IC5-ROUT2)">
      <node ref="IC5" pin="9" pinfunction="ROUT2" pintype="passive"/>
      <node ref="IC6" pin="12" pinfunction="RXD" pintype="passive"/>
    </net>
    <net code="45" name="Net-(IC5-VS+)">
      <node ref="C2" pin="2" pintype="passive"/>
      <node ref="IC5" pin="2" pinfunction="VS+" pintype="passive"/>
    </net>
    <net code="46" name="Net-(IC5-VS-)">
      <node ref="C1" pin="2" pintype="passive"/>
      <node ref="IC5" pin="6" pinfunction="VS-" pintype="passive"/>
    </net>
    <net code="47" name="Net-(IC6-CS1B)">
      <node ref="IC6" pin="3" pinfunction="CS1B" pintype="passive"/>
      <node ref="U2" pin="4" pintype="output"/>
    </net>
    <net code="48" name="Net-(IC6-XLT0)">
      <node ref="IC6" pin="7" pinfunction="XLT0" pintype="passive"/>
      <node ref="R2" pin="1" pintype="passive"/>
      <node ref="Y2" pin="14" pinfunction="+VDC" pintype="input"/>
    </net>
    <net code="49" name="Net-(IC6-XTLI)">
      <node ref="C5" pin="2" pintype="passive"/>
      <node ref="IC6" pin="6" pinfunction="XTLI" pintype="passive"/>
      <node ref="R2" pin="2" pintype="passive"/>
      <node ref="Y2" pin="8" pinfunction="OUTPUT" pintype="output"/>
    </net>
    <net code="50" name="Net-(U2-Pad3)">
      <node ref="U2" pin="3" pintype="output"/>
      <node ref="U3" pin="1" pintype="input"/>
    </net>
    <net code="51" name="Net-(U2-Pad6)">
      <node ref="U2" pin="6" pintype="input"/>
      <node ref="U4" pin="3" pintype="output"/>
    </net>
    <net code="52" name="unconnected-(IC1-MLB-Pad5)">
      <node ref="IC1" pin="5" pinfunction="MLB" pintype="passive+no_connect"/>
    </net>
    <net code="53" name="unconnected-(IC1-NC-Pad35)">
      <node ref="IC1" pin="35" pinfunction="NC" pintype="no_connect"/>
    </net>
    <net code="54" name="unconnected-(IC1-PHI1O-Pad3)">
      <node ref="IC1" pin="3" pinfunction="PHI1O" pintype="passive+no_connect"/>
    </net>
    <net code="55" name="unconnected-(IC1-PHI2O-Pad39)">
      <node ref="IC1" pin="39" pinfunction="PHI2O" pintype="passive+no_connect"/>
    </net>
    <net code="56" name="unconnected-(IC1-SOB-Pad38)">
      <node ref="IC1" pin="38" pinfunction="SOB" pintype="passive+no_connect"/>
    </net>
    <net code="57" name="unconnected-(IC1-SYNC-Pad7)">
      <node ref="IC1" pin="7" pinfunction="SYNC" pintype="output+no_connect"/>
    </net>
    <net code="58" name="unconnected-(IC1-VPB-Pad1)">
      <node ref="IC1" pin="1" pinfunction="VPB" pintype="passive+no_connect"/>
    </net>
    <net code="59" name="unconnected-(IC3-CA1-Pad40)">
      <node ref="IC3" pin="40" pinfunction="CA1" pintype="passive+no_connect"/>
    </net>
    <net code="60" name="unconnected-(IC3-CA2-Pad39)">
      <node ref="IC3" pin="39" pinfunction="CA2" pintype="passive+no_connect"/>
    </net>
    <net code="61" name="unconnected-(IC3-CB1-Pad18)">
      <node ref="IC3" pin="18" pinfunction="CB1" pintype="passive+no_connect"/>
    </net>
    <net code="62" name="unconnected-(IC3-CB2-Pad19)">
      <node ref="IC3" pin="19" pinfunction="CB2" pintype="passive+no_connect"/>
    </net>
    <net code="63" name="unconnected-(IC3-PA0-Pad2)">
      <node ref="IC3" pin="2" pinfunction="PA0" pintype="passive"/>
    </net>
    <net code="64" name="unconnected-(IC3-PA1-Pad3)">
      <node ref="IC3" pin="3" pinfunction="PA1" pintype="passive"/>
    </net>
    <net code="65" name="unconnected-(IC3-PA2-Pad4)">
      <node ref="IC3" pin="4" pinfunction="PA2" pintype="passive"/>
    </net>
    <net code="66" name="unconnected-(IC3-PA3-Pad5)">
      <node ref="IC3" pin="5" pinfunction="PA3" pintype="passive"/>
    </net>
    <net code="67" name="unconnected-(IC3-PA4-Pad6)">
      <node ref="IC3" pin="6" pinfunction="PA4" pintype="passive"/>
    </net>
    <net code="68" name="unconnected-(IC3-PA5-Pad7)">
      <node ref="IC3" pin="7" pinfunction="PA5" pintype="passive"/>
    </net>
    <net code="69" name="unconnected-(IC3-PA6-Pad8)">
      <node ref="IC3" pin="8" pinfunction="PA6" pintype="passive"/>
    </net>
    <net code="70" name="unconnected-(IC3-PA7-Pad9)">
      <node ref="IC3" pin="9" pinfunction="PA7" pintype="passive"/>
    </net>
    <net code="71" name="unconnected-(IC3-PB0-Pad10)">
      <node ref="IC3" pin="10" pinfunction="PB0" pintype="passive"/>
    </net>
    <net code="72" name="unconnected-(IC3-PB1-Pad11)">
      <node ref="IC3" pin="11" pinfunction="PB1" pintype="passive"/>
    </net>
    <net code="73" name="unconnected-(IC3-PB2-Pad12)">
      <node ref="IC3" pin="12" pinfunction="PB2" pintype="passive"/>
    </net>
    <net code="74" name="unconnected-(IC3-PB3-Pad13)">
      <node ref="IC3" pin="13" pinfunction="PB3" pintype="passive"/>
    </net>
    <net code="75" name="unconnected-(IC3-PB4-Pad14)">
      <node ref="IC3" pin="14" pinfunction="PB4" pintype="passive"/>
    </net>
    <net code="76" name="unconnected-(IC3-PB5-Pad15)">
      <node ref="IC3" pin="15" pinfunction="PB5" pintype="passive"/>
    </net>
    <net code="77" name="unconnected-(IC3-PB6-Pad16)">
      <node ref="IC3" pin="16" pinfunction="PB6" pintype="passive"/>
    </net>
    <net code="78" name="unconnected-(IC3-PB7-Pad17)">
      <node ref="IC3" pin="17" pinfunction="PB7" pintype="passive"/>
    </net>
    <net code="79" name="unconnected-(IC5-DIN1-Pad11)">
      <node ref="IC5" pin="11" pinfunction="DIN1" pintype="passive"/>
    </net>
    <net code="80" name="unconnected-(IC5-DOUT1-Pad14)">
      <node ref="IC5" pin="14" pinfunction="DOUT1" pintype="passive"/>
    </net>
    <net code="81" name="unconnected-(IC5-RIN1-Pad13)">
      <node ref="IC5" pin="13" pinfunction="RIN1" pintype="passive"/>
    </net>
    <net code="82" name="unconnected-(IC5-ROUT1-Pad12)">
      <node ref="IC5" pin="12" pinfunction="ROUT1" pintype="passive"/>
    </net>
    <net code="83" name="unconnected-(IC6-CTSB-Pad9)">
      <node ref="IC6" pin="9" pinfunction="CTSB" pintype="passive+no_connect"/>
    </net>
    <net code="84" name="unconnected-(IC6-DCDB-Pad16)">
      <node ref="IC6" pin="16" pinfunction="DCDB" pintype="passive+no_connect"/>
    </net>
    <net code="85" name="unconnected-(IC6-DSRB-Pad17)">
      <node ref="IC6" pin="17" pinfunction="DSRB" pintype="passive+no_connect"/>
    </net>
    <net code="86" name="unconnected-(IC6-DTRB-Pad11)">
      <node ref="IC6" pin="11" pinfunction="DTRB" pintype="passive+no_connect"/>
    </net>
    <net code="87" name="unconnected-(IC6-RTSB-Pad8)">
      <node ref="IC6" pin="8" pinfunction="RTSB" pintype="passive+no_connect"/>
    </net>
    <net code="88" name="unconnected-(IC6-RXC-Pad5)">
      <node ref="IC6" pin="5" pinfunction="RXC" pintype="passive+no_connect"/>
    </net>
    <net code="89" name="unconnected-(J1-Pad1)">
      <node ref="J1" pin="1" pinfunction="1" pintype="passive+no_connect"/>
    </net>
    <net code="90" name="unconnected-(J1-Pad4)">
      <node ref="J1" pin="4" pinfunction="4" pintype="passive+no_connect"/>
    </net>
    <net code="91" name="unconnected-(J1-Pad6)">
      <node ref="J1" pin="6" pinfunction="6" pintype="passive+no_connect"/>
    </net>
    <net code="92" name="unconnected-(J1-Pad7)">
      <node ref="J1" pin="7" pinfunction="7" pintype="passive+no_connect"/>
    </net>
    <net code="93" name="unconnected-(J1-Pad8)">
      <node ref="J1" pin="8" pinfunction="8" pintype="passive+no_connect"/>
    </net>
    <net code="94" name="unconnected-(J1-Pad9)">
      <node ref="J1" pin="9" pinfunction="9" pintype="passive+no_connect"/>
    </net>
    <net code="95" name="unconnected-(Y1-CASE_GND-Pad7)">
      <node ref="Y1" pin="7" pinfunction="CASE_GND" pintype="power_in"/>
    </net>
    <net code="96" name="unconnected-(Y2-CASE_GND-Pad7)">
      <node ref="Y2" pin="7" pinfunction="CASE_GND" pintype="power_in"/>
    </net>
  </nets>
</export>
